first_name,last_name,email,phone
Jam,Mer,jam.mer@example.com,016-667-4295
Kerry,Yee,kerry.yee@example.com,017-825-4363
Kunal,Bhata,kunal.bhata@example.com,013-434-4488
Kyrie,Kopski,kyrie.kopski@example.com,018-465-8965
Lasse,Christ,lasse.christ@example.com,015-555-1212
Mack,McCon,mack.mccon@example.com,015-546-8964
Matt,Free,matt.free@example.com,015-555-2897
Ferd,Cam,ferd.cam@example.com,017-589-1700